{"ncR9Usv6gdneUnvmIwLL0Q==":"healing-space-app-logo-.jpg","eM+IDuCQzznjhDbTd3C78w==":"iphone-app-mockup-.jpg","YIIc/O4u4gw8omctJ5Lp9w==":"65749.jpg","1Njjcje12w8IrsManprROQ==":"img-1884.jpg","Vmu5+LgMdOIEuq2cXTBSUw==":"img-1909.jpg","o7RYRxJft0K1w+0fax96YA==":"img-1929.jpg","KiPiVvOHPu9GCxRCzeY01w==":"img-1928.jpg","8JUC9wl4DL/l4tlh6qLqxA==":"img-1928.jpeg","f2qhR8Jq/akdhEZZqYJB8A==":"img-1929.jpeg","EvjzI5m/MfEz/DKV4PRjuw==":"img-1909.jpeg","nPHYipqBGNvW2JB9O2+NFw==":"img-1930.jpeg","Bb9fYsf7qED/NsLXjfqLSQ==":"img-1931.jpeg","gvDnItpcmVtnyTBxPhDj9A==":"img-1932.jpeg","cwd3VZHZw+7b/83or+W0Ug==":"healing-space-ad.jpeg","/sAelRkzma63MWl64i+0Qg==":"healing-space-ad-1.jpeg","x8H9oSk6jB0qUlBjl7kfmA==":"healing-space-ad-2.jpeg","XuqMg0X5Z5rV1iQiqnWPtA==":"healing-space-app-logo-.jpeg"}